,영화명,제작사,전국 관객수,등급,영화구분,흥행,주연배우_흥행비율,director_rank,gr_rank,dis_rank
0,서울의 봄,137,13128022,0,1,Y,0.7222222222222222,3,10,4
1,파묘,59,11860088,1,1,Y,0.626984126984127,1,3,3
2,범죄도시4,243,5005512,1,1,Y,0.9166666666666666,4,4,1
3,노량: 죽음의 바다,53,4572561,0,1,Y,1.0,7,2,2
4,시민덕희,66,1706676,1,1,Y,0.3055555555555555,14,10,3
5,외계+인 2부,118,1430121,0,1,Y,1.0,16,9,6
6,건국전쟁,167,1171207,0,1,Y,0.3333333333333333,18,16,5
7,댓글부대,96,971096,1,1,Y,0.7777777777777778,22,1,12
8,3일의 휴가,160,524828,0,1,Y,1.0,33,6,3
9,소년들,71,452858,1,1,Y,0.9166666666666666,37,10,6
10,싱글 인 서울,22,400651,0,1,Y,0.6666666666666666,39,12,8
11,도그데이즈,67,357026,0,1,Y,0.7936507936507936,42,10,6
12,소풍,28,344904,0,0,Y,0.6666666666666666,43,10,8
13,30일,91,285237,0,1,N,0.41666666666666663,19,7,10
14,데드맨,132,236661,1,1,N,0.3333333333333333,45,1,4
15,브레드이발소: 셀럽 인 베이커리타운,151,179110,2,1,N,0.0,51,14,8
16,길위에 김대중,36,114077,0,0,N,0.0,62,16,19
17,뉴 노멀,213,101636,1,1,N,0.0,64,8,21
18,용감한 시민,200,64683,1,1,N,0.08333333333333333,55,4,10
19,더 와일드: 야수들의 전쟁,70,43300,3,1,N,0.0,74,4,28
20,1980,278,42425,0,1,N,0.0,75,10,29
21,씬,20,38225,1,1,N,0.0,77,13,8
22,1947 보스톤,51,35652,0,1,N,0.5555555555555555,34,10,11
23,극장판 우당탕탕 은하안전단: 진정한 용기!,31,34001,2,1,N,0.0,80,14,9
24,슈가│어거스트 디 투어 ‘디-데이’ 더 무비,136,31808,0,1,N,0.0,104,15,50
25,어른 김장하,147,29263,2,0,N,0.0,83,16,71
26,너와 나,252,29154,0,0,N,0.0,102,10,39
27,사채소년,2,26149,1,1,N,0.0,115,4,59
28,마이 샤이니 월드,268,25641,2,1,N,0.0,88,15,36
29,엔시티 네이션 : 투 더 월드 인 시네마,207,25140,2,1,N,0.0,72,15,40
30,DMZ 동물 특공대,236,21830,2,1,N,0.0,95,14,60
31,목스박,199,16776,1,1,N,0.0,135,4,67
32,바람 따라 만나리 : 김호중의 계절,207,15665,2,1,N,0.0,72,15,25
33,세계를 뒤흔든 43일,155,12395,2,0,N,0.0,116,16,77
34,괴인,218,12343,1,0,N,0.0,118,10,66
35,세기말의 사랑,12,11831,0,0,N,0.0,120,10,61
36,막걸리가 알려줄거야,74,11521,2,0,N,0.0,121,10,52
37,만분의 일초,271,11091,0,0,N,0.0,169,4,69
38,어게인 1997,25,10752,1,1,N,0.0,128,6,73
39,나의 피투성이 연인,255,10072,0,0,N,0.0,130,10,57
40,수라,198,9870,2,0,N,0.0,84,16,34
41,빅슬립,143,8730,1,0,N,0.0,134,10,75
42,화란,55,8064,1,1,N,0.0,56,10,4
43,아네모네,245,7724,1,0,N,0.0,139,7,79
44,땅에 쓰는 시,161,7374,2,0,N,0.0,143,16,66
45,화녀,48,7075,3,1,N,0.0,145,8,83
46,약속,46,7060,2,0,N,0.0,146,16,64
47,에픽하이 20 더 무비,79,6496,0,1,N,0.0,168,15,65
48,교토에서 온 편지,271,6022,0,0,N,0.0,150,10,63
49,돌핀,271,5498,0,0,N,0.0,156,10,93
50,오픈 더 도어,154,5246,1,1,N,0.0,52,3,58
51,홈그라운드,279,4485,0,0,N,0.0,162,16,100
52,여행자의 필요,97,4481,0,0,N,0.0,207,10,94
53,당신이 잠든 사이,25,4253,0,1,N,0.0,164,3,42
54,백남준: 달은 가장 오래된 TV,203,3960,0,0,N,0.0,171,16,70
55,뒤주,7,3855,1,1,N,0.0,63,13,78
56,신세계로부터,205,3784,0,0,N,0.0,177,10,91
57,언더 유어 베드,42,3774,3,1,N,0.0,178,8,72
58,두 사람을 위한 식탁,260,3764,0,0,N,0.0,159,16,91
59,느티나무 아래,228,3632,2,0,N,0.0,180,16,80
60,이어지는 땅,279,3555,0,0,N,0.0,182,10,91
61,검은 소년,271,3547,1,0,N,0.0,184,10,72
62,매트,211,3175,0,0,N,0.0,187,3,109
63,은하수,140,3067,0,0,N,0.0,190,10,51
64,정순,202,2977,1,0,N,0.08333333333333333,193,10,69
65,천박사 퇴마 연구소: 설경의 비밀,103,2409,0,1,N,0.611111111111111,23,6,6
66,5시부터 7시까지의 주희,40,2340,0,0,N,0.0,205,10,92
67,장인과 사위,113,2146,0,0,N,0.0,209,7,95
68,돌들이 말할 때까지,89,2058,0,0,N,0.0,212,16,97
69,달짝지근해: 7510,41,1835,0,1,N,0.5714285714285715,28,7,10
70,독친,43,1748,1,0,N,0.0,219,13,72
71,아버지의 마음,263,1744,2,1,N,0.0,108,16,44
72,수운잡방,146,1655,0,1,N,0.0,223,10,47
73,그림자 고백,68,1653,1,1,N,0.0,224,10,47
74,백지영 콘서트 인 시네마,79,1558,2,1,N,0.0,168,15,84
75,울산의 별,277,1514,1,0,N,0.08333333333333333,227,10,104
76,탄생,188,1489,0,1,N,0.2619047619047619,59,10,17
77,버텨내고 존재하기,279,1487,2,0,N,0.0,229,16,70
78,모르는 이야기,271,1289,0,0,N,0.0,237,6,93
79,세월: 라이프 고즈 온,173,1278,2,0,N,0.0,239,16,100
80,화사한 그녀,64,1278,0,1,N,0.0,76,7,27
81,벗어날 탈 脫,193,1187,1,0,N,0.0,241,3,100
82,너를 줍다,201,1168,0,0,N,0.0,242,12,104
83,다시 김대중-함께 합시다,88,912,0,0,N,0.0,252,16,113
84,무경계,3,898,2,0,N,0.0,255,16,110
85,물비늘,267,878,0,0,N,0.0,201,10,79
86,우리의 하루,97,878,0,0,N,0.0,207,10,94
87,르네에게,140,611,0,0,N,0.0,264,10,77
88,K스쿨,156,599,2,0,N,0.0,266,10,114
89,어느 날 그녀가 우주에서,223,523,0,0,N,0.0,275,12,87
90,밀수,103,517,1,1,N,0.5,8,4,9
91,미끼,72,507,1,1,N,0.0,277,10,83
92,간신의 피,185,442,1,0,N,0.0,282,4,121
93,믿을 수 있는 사람,271,392,0,0,N,0.0,199,10,75
94,핑크퐁 시네마 콘서트3 : 진저브레드맨을 잡아라,172,390,2,0,N,0.0,82,14,32
95,그날의 딸들,44,360,0,0,N,0.0,135,16,122
96,물꽃의 전설,279,317,2,0,N,0.0,215,16,66
97,8인의 용의자들,78,312,1,0,N,0.0,291,10,125
98,검치호,189,308,1,0,N,0.0,293,4,77
99,서바이벌 택틱스,232,279,0,0,N,0.0,295,10,91
100,물귀신,121,265,0,0,N,0.0,296,13,67
101,절해고도,190,257,0,0,N,0.0,217,10,98
102,비밀의 언덕,229,249,2,0,N,0.0,136,9,70
103,잠,29,154,1,1,N,0.3333333333333333,27,3,8
104,거미집,212,146,1,1,N,0.38888888888888884,63,7,13
105,타겟,95,114,1,1,N,0.4166666666666667,48,8,4
106,우리 돈 벌레,152,104,0,0,N,0.0,306,7,130
107,드라이브,197,98,0,0,N,0.0,307,12,131
108,지옥만세,271,63,0,0,N,0.0,147,18,75
109,런닝맨: 리벤져스,27,47,2,0,N,0.0,85,14,9
110,극장판 슈퍼윙스: 맥시멈 스피드,133,42,2,1,N,0.0,68,14,9
111,콘크리트 유토피아,258,25,1,1,N,0.6388888888888888,11,10,8
112,마인드 유니버스,158,19,0,0,N,0.0,289,11,59
113,"안녕, 내일 또 만나",29,5,0,0,N,0.0,269,10,115
114,잔고: 분노의 적자,162,3,0,0,N,0.0,244,19,99
115,폭로,25,3,0,0,N,0.0,189,1,73
116,범죄도시3,243,10682813,1,1,Y,0.5,2,1,1
117,밀수,103,5142702,1,1,Y,0.5,8,4,9
118,콘크리트 유토피아,258,3847041,1,1,Y,0.6388888888888888,11,10,8
119,천박사 퇴마 연구소: 설경의 비밀,103,1914020,0,1,Y,0.611111111111111,23,6,6
120,30일,91,1861665,0,1,Y,0.41666666666666663,19,7,10
121,잠,29,1462467,1,1,Y,0.3333333333333333,27,3,8
122,달짝지근해: 7510,41,1386474,0,1,Y,0.5714285714285715,28,7,10
123,비공식작전,102,1015453,0,1,Y,0.5833333333333333,20,10,3
124,1947 보스톤,51,991281,0,1,Y,0.5555555555555555,34,10,11
125,귀공자,80,682742,3,1,Y,1.0,12,4,9
126,드림,100,589218,0,1,Y,0.9166666666666666,32,7,4
127,더 문,206,486060,0,1,Y,0.75,36,11,6
128,타겟,95,424802,1,1,Y,0.4166666666666667,48,8,4
129,거미집,212,313540,1,1,N,0.38888888888888884,63,7,13
130,화란,55,255023,1,1,N,0.0,56,10,4
131,용감한 시민,200,202133,1,1,N,0.08333333333333333,55,4,10
132,극장판 슈퍼윙스: 맥시멈 스피드,133,135934,2,1,N,0.0,68,14,9
133,보호자,94,128084,1,1,N,0.0,58,4,12
134,문재인입니다,166,116934,0,0,N,0.0,60,16,18
135,옥수역귀신,93,101398,1,1,N,0.0,57,13,16
136,화사한 그녀,64,94868,0,1,N,0.0,76,7,27
137,악마들,119,79688,3,1,N,0.20000000000000004,67,4,24
138,핑크퐁 시네마 콘서트3 : 진저브레드맨을 잡아라,172,60626,2,0,N,0.0,82,14,32
139,런닝맨: 리벤져스,27,53890,2,0,N,0.0,85,14,9
140,수라,198,47571,2,0,N,0.0,84,16,34
141,바람 따라 만나리 : 김호중의 계절,207,40391,2,1,N,0.0,72,15,25
142,리바운드,52,39697,0,1,N,0.39999999999999997,52,10,13
143,롱디,261,35916,0,1,N,0.06666666666666667,78,12,9
144,아버지의 마음,263,27334,2,1,N,0.0,108,16,44
145,빈틈없는 사이,4,20926,1,1,N,0.0,98,12,37
146,킬링 로맨스,86,20421,1,1,N,0.3055555555555555,66,7,8
147,치악산,21,19852,1,0,N,0.0,101,13,47
148,비밀의 언덕,229,15921,2,0,N,0.0,136,9,70
149,지옥만세,271,13966,0,0,N,0.0,147,18,75
150,오픈 더 도어,154,13956,1,1,N,0.0,52,3,58
151,나는 여기에 있다,45,13758,1,1,N,0.06666666666666667,131,1,47
152,라방,227,13647,3,0,N,0.0,111,8,72
153,좋.댓.구,84,13376,1,0,N,0.0,114,7,48
154,드림팰리스,153,12087,0,0,N,0.0,119,10,79
155,비닐하우스,271,10923,1,0,N,0.0,126,1,72
156,그 여름,178,9229,0,0,N,0.0,132,14,63
157,너와 나,252,9064,0,0,N,0.0,102,10,39
158,스프린터,220,7647,0,0,N,0.0,141,10,62
159,탄생,188,6580,0,1,N,0.2619047619047619,59,10,17
160,폭로,25,6133,0,0,N,0.0,189,1,73
161,두 사람을 위한 식탁,260,5947,0,0,N,0.0,159,16,91
162,차박- 살인과 낭만의 밤,124,5678,1,0,N,0.0,152,8,56
163,어디로 가고 싶으신가요,108,5586,0,0,N,0.0,154,10,56
164,다음 소희,262,5481,1,0,N,0.1111111111111111,71,10,42
165,영웅,110,5237,0,1,N,0.5555555555555555,15,10,6
166,믿을 수 있는 사람,271,4996,0,0,N,0.0,199,10,75
167,슈가: 로드 투 디데이,136,4563,0,1,N,0.0,104,16,84
168,익스트림 페스티벌,50,4093,0,0,N,0.0,167,7,42
169,퀴어 마이 프렌즈,203,3942,0,0,N,0.0,172,16,99
170,거신: 바람의 아이,9,3904,2,1,N,0.0,174,14,42
171,울지마 엄마,145,3829,2,0,N,0.0,176,16,86
172,다섯 번째 흉추,279,3739,1,0,N,0.0,179,10,79
173,물꽃의 전설,279,3658,2,0,N,0.0,215,16,66
174,절해고도,190,3326,0,0,N,0.0,217,10,98
175,우리의 하루,97,3158,0,0,N,0.0,207,10,94
176,206: 사라지지 않는,269,2359,0,0,N,0.0,203,16,75
177,작은정원,208,2357,2,0,N,0.0,204,16,71
178,잔고: 분노의 적자,162,2160,0,0,N,0.0,244,19,99
179,인드림,15,2005,3,0,N,0.0,214,4,86
180,만해 한용운 님의침묵,244,1799,1,1,N,0.0,216,10,109
181,아임 히어로 더 파이널,207,1737,2,1,N,0.5,72,15,25
182,실버맨,75,1608,0,0,N,0.0,250,10,87
183,웅남이,87,1429,1,1,N,0.15,54,7,20
184,너의 순간,277,1319,0,0,N,0.0,235,12,104
185,바람개비,98,1284,3,1,N,0.0,238,4,56
186,"안녕, 내일 또 만나",29,1147,0,0,N,0.0,269,10,115
187,안나푸르나,253,1091,2,0,N,0.0,248,10,109
188,아머드 사우루스: 기계공룡제국의 침략,169,756,2,1,N,0.0,166,14,42
189,물안에서,97,686,0,0,N,0.0,207,10,94
190,마인드 유니버스,158,629,0,0,N,0.0,289,11,59
191,너의 시선이 머무는 곳에,16,592,0,1,N,0.0,267,10,20
192,사랑의 고고학,33,528,1,0,N,0.0,230,10,102
193,연악: 나의 운명,242,507,2,0,N,0.0,278,2,109
194,제비,63,492,1,0,N,0.0,236,10,71
195,경미의 세계,273,390,0,0,N,0.0,283,10,42
196,신입사원: 더 무비,254,356,1,0,N,0.0,285,12,123
197,불멸의 여자,248,325,1,0,N,0.0,265,10,118
198,살롱 드 서울,279,311,1,0,N,0.0,292,9,126
199,손,75,305,1,1,N,0.0,250,13,87
200,장기자랑,222,261,0,0,N,0.0,197,16,66
201,그대 어이가리,83,187,0,0,N,0.0,183,10,82
202,튤립 모양,56,169,0,0,N,0.0,279,10,117
203,소울메이트,259,154,0,1,N,0.0,61,10,9
204,레이디,123,143,1,0,N,0.0,303,10,126
205,흐르다,219,126,0,0,N,0.0,226,10,101
206,멍뭉이,101,120,2,1,N,0.0,65,10,22
207,그 노래,214,106,0,0,N,0.0,303,10,126
208,낭만적 공장,257,105,1,0,N,0.06666666666666667,261,12,112
209,육지것들,279,93,1,0,N,0.0,309,7,126
210,여섯 개의 밤,116,92,0,0,N,0.0,253,10,79
211,카운트,135,80,0,1,N,0.5,50,10,6
212,남자는 처음을 원하고 여자는 마지막을 원한다,217,69,0,0,N,0.0,311,12,133
213,오늘 출가합니다,187,67,0,0,N,0.0,169,10,72
214,2퍼센트,216,65,0,0,N,0.0,298,10,109
215,탑,97,31,1,0,N,0.0,207,10,94
216,보이지 않아,247,27,0,1,N,0.0,280,10,119
217,찬란한 나의 복수,240,15,1,0,N,0.0,225,10,100
218,올빼미,65,3329547,1,1,Y,0.7380952380952381,6,8,9
219,영웅,110,3268534,0,1,Y,0.5555555555555555,15,10,6
220,교섭,90,1721100,0,1,Y,0.8888888888888888,13,10,4
221,데시벨,235,901426,0,1,Y,1.0,25,4,10
222,대외비,129,752559,1,1,Y,0.5833333333333334,26,1,4
223,유령,171,664146,1,1,Y,0.6944444444444443,29,10,6
224,리바운드,52,646596,0,1,Y,0.39999999999999997,52,10,13
225,압꾸정,243,608639,0,1,Y,0.8888888888888888,30,7,3
226,드림,100,538862,0,1,Y,0.9166666666666666,32,7,4
227,동감,5,489898,0,1,Y,0.8333333333333334,35,12,20
228,자백,180,453599,1,1,Y,0.5555555555555555,41,1,8
229,스위치,137,399162,0,1,Y,0.7777777777777777,40,9,8
230,카운트,135,397223,0,1,Y,0.5,50,10,6
231,탄생,188,348108,0,1,Y,0.2619047619047619,59,10,17
232,웅남이,87,312723,1,1,N,0.15,54,7,20
233,아임 히어로 더 파이널,207,248965,2,1,Y,0.5,72,15,25
234,소울메이트,259,231103,0,1,N,0.0,61,10,9
235,젠틀맨,128,224718,1,1,N,0.16666666666666666,47,1,4
236,멍뭉이,101,194271,2,1,N,0.0,65,10,22
237,킬링 로맨스,86,171121,1,1,N,0.3055555555555555,66,7,8
238,마루이 비디오,47,165822,1,1,N,0.0,53,3,14
239,리멤버,85,154866,1,1,N,0.25,49,10,12
240,옥수역귀신,93,154798,1,1,N,0.0,57,13,16
241,다음 소희,262,111519,1,0,N,0.1111111111111111,71,10,42
242,인생은 아름다워,171,97829,0,1,N,0.5,31,5,8
243,방탄소년단: 옛 투 컴 인 시네마,207,92369,2,1,N,0.0,72,15,23
244,핑크퐁 시네마 콘서트 2: 원더스타 콘서트 대작전,172,50204,2,0,N,0.0,73,14,9
245,공조2: 인터내셔날,110,30531,1,1,N,0.626984126984127,5,4,6
246,고속도로 가족,82,23825,1,0,N,0.1111111111111111,91,10,20
247,유포자들,146,23721,1,1,N,0.0,92,1,47
248,크리스마스 캐럴,141,23211,3,0,N,0.1111111111111111,3,10,56
249,한산 리덕스,53,19314,0,1,N,0.3277777777777778,7,4,8
250,어쩌면 우린 헤어졌는지 모른다,2,18354,0,0,N,0.0,103,10,51
251,심야카페: 미씽 허니,117,13682,0,1,N,0.06666666666666667,110,12,51
252,헤이지니&럭키강이 비밀의 문,79,13642,2,1,N,0.0,112,15,45
253,우리 사랑이 향기로 남을 때,19,12364,1,1,N,0.08333333333333333,117,12,49
254,헤어질 결심,184,11560,1,1,N,0.3666666666666667,24,3,6
255,시간을 꿈꾸는 소녀,138,11011,0,0,N,0.0,124,16,55
256,같은 속옷을 입는 두 여자,271,7969,1,0,N,0.0,137,10,75
257,엄마의 땅: 그리샤와 숲의 주인,271,7718,2,0,N,0.0,140,14,69
258,정직한 후보2,60,7511,0,1,N,0.45634920634920634,38,7,9
259,아머드 사우루스: 기계공룡제국의 침략,169,7496,2,1,N,0.0,166,14,42
260,만인의 연인,63,7393,1,0,N,0.0,142,10,71
261,창밖은 겨울,163,7191,0,0,N,0.0,144,10,66
262,그대 어이가리,83,6913,0,0,N,0.0,183,10,82
263,이태석,176,5977,2,0,N,0.0,151,16,68
264,탑,97,5961,1,0,N,0.0,207,10,94
265,"그 겨울, 나는",271,5660,1,0,N,0.0,153,12,69
266,장기자랑,222,5334,0,0,N,0.0,197,16,66
267,나는 여기에 있다,45,4746,1,1,N,0.06666666666666667,131,1,47
268,수프와 이데올로기,148,4679,0,0,N,0.0,165,16,70
269,살수,23,4600,1,1,N,0.0,160,4,76
270,옆집사람,272,3964,1,0,N,0.06666666666666667,170,8,56
271,첫번째 아이,276,3851,0,0,N,0.0,175,10,69
272,살인청부업자,134,3568,3,1,N,0.0,181,1,81
273,"열여덟, 어른이 되는 나이",114,3420,0,0,N,0.0,185,10,91
274,육사오(6/45),130,3282,0,1,N,0.39999999999999997,21,7,7
275,찬란한 나의 복수,240,3274,1,0,N,0.0,225,10,100
276,트랜스,165,3254,1,0,N,0.09523809523809523,186,11,93
277,물안에서,97,3232,0,0,N,0.0,207,10,94
278,머슴바울,159,3004,2,0,N,0.0,192,2,85
279,흐르다,219,2925,0,0,N,0.0,226,10,101
280,요정,273,2861,0,0,N,0.0,194,10,88
281,한산: 용의 출현,53,2706,0,1,N,0.3277777777777778,7,4,8
282,사랑의 고고학,33,2346,1,0,N,0.0,230,10,102
283,니얼굴,174,2275,2,0,N,0.0,133,16,66
284,10일간의 애인,26,2118,3,1,N,0.0,211,12,96
285,강남좀비,150,2098,1,1,N,0.0,294,10,83
286,제비,63,2094,1,0,N,0.0,236,10,71
287,대무가,122,2002,1,0,N,0.0,81,10,31
288,고고다이노 극장판: 얼음공룡의 비밀,39,1946,2,0,N,0.0,86,14,35
289,리미트,49,1771,1,1,N,0.06666666666666667,76,1,30
290,여섯 개의 밤,116,1704,0,0,N,0.0,253,10,79
291,겨울 이야기,204,1366,2,0,N,0.0,231,10,103
292,컨버세이션,266,1361,0,0,N,0.0,232,9,91
293,우수,30,1335,0,0,N,0.0,233,10,79
294,낭만적 공장,257,1230,1,0,N,0.06666666666666667,261,12,112
295,라스트필름,99,1064,0,0,N,0.0,245,10,100
296,스타게이저: 아스트로스코프,104,1059,2,1,N,0.0,218,15,50
297,혜옥이,230,995,0,0,N,0.0,247,10,72
298,헌트,73,927,1,1,N,0.43333333333333335,9,4,4
299,낮에는 덥고 밤에는 춥고,192,913,0,0,N,0.0,222,10,91
300,컴백홈,62,905,1,1,N,0.1111111111111111,94,10,43
301,오늘 출가합니다,187,902,0,0,N,0.0,169,10,72
302,보이지 않아,247,892,0,1,N,0.0,280,10,119
303,불멸의 여자,248,880,1,0,N,0.0,265,10,118
304,튤립 모양,56,837,0,0,N,0.0,279,10,117
305,미혹,215,780,1,0,N,0.0,149,3,61
306,나를 죽여줘,92,685,1,0,N,0.0,206,10,72
307,극장판 엄마 까투리: 도시로 간 까투리 가족,133,620,2,1,N,0.0,68,14,9
308,통영에서의 하루,58,606,0,0,N,0.0,288,10,113
309,희망의 요소,275,587,0,0,N,0.0,268,12,91
310,"아치의 노래, 정태춘",107,586,2,0,N,0.0,106,16,9
311,낮과 달,271,571,1,0,N,0.0,208,10,75
312,귀못,146,568,1,1,N,0.0,96,13,47
313,영화감독 노동주,45,531,2,0,N,0.0,274,16,124
314,팬픽에서 연애까지,149,367,1,1,N,0.0,284,12,87
315,2퍼센트,216,361,0,0,N,0.0,298,10,109
316,1번국도,164,340,1,0,N,0.0,287,10,106
317,픽션들,157,312,1,0,N,0.0,290,10,100
318,거래완료,274,303,0,0,N,0.0,196,10,46
319,선데이리그,195,300,2,0,N,0.0,254,7,111
320,경아의 딸,238,266,1,0,N,0.0,163,10,79
321,별 볼일 없는 인생,13,220,1,0,N,0.0,297,12,87
322,2차 송환,265,186,0,0,N,0.0,260,16,71
323,관계의 일변,246,121,1,0,N,0.0,304,10,126
324,시맨틱 에러: 더 무비,249,108,0,1,N,0.0,100,12,33
325,프린세스 아야,241,99,2,1,N,0.0,129,6,20
326,민족,279,79,0,0,N,0.0,310,10,126
327,늑대사냥,120,74,3,1,N,0.3666666666666667,46,4,15
328,솔라 플라워,57,52,1,0,N,0.0,288,10,133
329,홈리스,125,44,0,0,N,0.0,201,10,90
330,사잇소리,105,37,1,0,N,0.0,286,8,118
331,생각 그런거 없는데요,233,22,0,1,N,0.0,314,10,134
332,소설가의 영화,97,19,0,0,N,0.0,207,10,94
333,카시오페아,1,15,0,0,N,0.08333333333333333,122,10,72
334,썬더버드,271,12,1,0,N,0.0,188,10,72
335,주연,226,5,0,0,N,0.0,259,10,93
336,신황제를 위하여,150,2,3,1,N,0.0,294,4,43
337,범죄도시2,243,12692959,1,1,Y,0.7999999999999999,2,1,1
338,한산: 용의 출현,53,7262228,0,1,Y,0.3277777777777778,7,4,8
339,공조2: 인터내셔날,110,6948788,1,1,Y,0.626984126984127,5,4,6
340,헌트,73,4349102,1,1,Y,0.43333333333333335,9,4,4
341,마녀(魔女) Part2. The Other One,81,2806254,1,1,Y,1.0,12,4,9
342,비상선언,34,2042999,0,1,Y,0.7222222222222222,10,10,3
343,육사오(6/45),130,1977487,0,1,Y,0.39999999999999997,21,7,7
344,헤어질 결심,184,1886224,1,1,Y,0.3666666666666667,24,3,6
345,외계+인 1부,118,1538504,0,1,Y,1.0,16,4,6
346,브로커,224,1258891,0,1,Y,0.49999999999999994,17,10,6
347,인생은 아름다워,171,1073819,0,1,Y,0.5,31,5,8
348,정직한 후보2,60,892173,0,1,Y,0.45634920634920634,38,7,9
349,늑대사냥,120,458646,3,1,Y,0.3666666666666667,46,4,15
350,자백,180,284521,1,1,N,0.5555555555555555,41,1,8
351,리멤버,85,257970,1,1,N,0.25,49,10,12
352,니 부모 얼굴이 보고 싶다,17,246032,1,1,N,0.25,44,10,10
353,극장판 엄마 까투리: 도시로 간 까투리 가족,133,170747,2,1,N,0.0,68,14,9
354,서울괴담,237,67837,1,1,N,0.0,69,13,4
355,리미트,49,66200,1,1,N,0.06666666666666667,76,1,30
356,대무가,122,60997,1,0,N,0.0,81,10,31
357,더 킬러: 죽어도 되는 아이,69,60175,3,1,N,0.0,70,4,26
358,시맨틱 에러: 더 무비,249,59206,0,1,N,0.0,100,12,33
359,고고다이노 극장판: 얼음공룡의 비밀,39,51739,2,0,N,0.0,86,14,35
360,컴백홈,62,42783,1,1,N,0.1111111111111111,94,10,43
361,귀못,146,41774,1,1,N,0.0,96,13,47
362,뒤틀린 집,126,34886,1,1,N,0.0,79,13,46
363,"아치의 노래, 정태춘",107,33467,2,0,N,0.0,106,16,9
364,쥬라기캅스 극장판: 공룡시대 대모험,61,26188,2,1,N,0.0,87,14,4
365,안녕하세요,24,25140,0,1,N,0.0,89,10,56
366,공기살인,32,24992,0,1,N,0.09523809523809523,90,10,15
367,어부바,11,23674,2,0,N,0.0,93,17,72
368,카시오페아,1,22414,0,0,N,0.08333333333333333,122,10,72
369,앵커,109,21009,1,1,N,0.0,97,8,12
370,프린세스 아야,241,20662,2,1,N,0.0,129,6,20
371,뜨거운 피,239,20656,1,1,N,0.16666666666666666,99,1,38
372,룸 쉐어링,251,17040,2,0,N,0.25,105,10,53
373,니얼굴,174,16063,2,0,N,0.0,133,16,66
374,봄날,77,15319,1,0,N,0.0,107,10,41
375,피는 물보다 진하다,20,14201,1,1,N,0.0,109,4,87
376,오마주,112,13519,0,0,N,0.0,113,10,42
377,세븐틴 파워 오브 러브 : 더 무비,207,11921,2,1,N,0.0,72,15,25
378,미혹,215,11840,1,0,N,0.0,149,3,61
379,오! 마이 고스트,270,11094,1,0,N,0.06666666666666667,123,7,54
380,모어,279,10972,1,0,N,0.0,125,16,70
381,녹턴,264,10890,0,0,N,0.0,127,16,71
382,엑스칼리버 더 뮤지컬 다큐멘터리: 도겸의 찬란한 여정,207,10436,2,1,N,0.0,72,15,40
383,경아의 딸,238,8631,1,0,N,0.0,163,10,79
384,둠둠,106,7894,1,0,N,0.0,138,10,66
385,홈리스,125,6780,0,0,N,0.0,201,10,90
386,광대: 소리꾼,250,6695,0,1,N,0.0,148,2,42
387,썬더버드,271,6215,1,0,N,0.0,188,10,72
388,이공삼칠,183,5516,1,0,N,0.0,155,17,74
389,어웨이크,251,5367,1,0,N,0.0,157,3,53
390,거래완료,274,5311,0,0,N,0.0,196,10,46
391,말임씨를 부탁해,131,4860,2,0,N,0.16666666666666666,158,10,74
392,아이를 위한 아이,6,4515,0,0,N,0.0,161,9,72
393,소설가의 영화,97,4076,0,0,N,0.0,207,10,94
394,나를 죽여줘,92,3951,1,0,N,0.0,206,10,72
395,파로호,271,3920,1,0,N,0.0,173,8,69
396,낮과 달,271,3768,1,0,N,0.0,208,10,75
397,수프와 이데올로기,148,3696,0,0,N,0.0,165,16,70
398,이상한 나라의 수학자,111,3008,0,1,N,0.27777777777777773,191,10,3
399,윤시내가 사라졌다,271,2853,0,0,N,0.0,195,10,89
400,말아,231,2714,0,0,N,0.0,198,10,79
401,초록밤,177,2595,1,0,N,0.0,200,9,79
402,감동주의보,10,2483,2,0,N,0.0,202,12,106
403,스타게이저: 아스트로스코프,104,2475,2,1,N,0.0,218,15,50
404,낮에는 덥고 밤에는 춥고,192,2414,0,0,N,0.0,222,10,91
405,불도저에 탄 소녀,6,2119,1,0,N,0.16666666666666666,210,10,42
406,재춘언니,194,2010,0,0,N,0.0,213,16,71
407,봉명주공,256,1684,2,0,N,0.0,220,16,71
408,히든,38,1671,1,1,N,0.0,221,4,60
409,핸썸,37,1503,0,1,N,0.0,228,7,60
410,선데이리그,195,1495,2,0,N,0.0,254,7,111
411,주연,226,1356,0,0,N,0.0,259,10,93
412,태일이,35,1324,2,0,N,0.2611111111111111,234,14,105
413,부기나이트,119,1217,1,1,N,0.13333333333333333,240,7,67
414,2차 송환,265,1174,0,0,N,0.0,260,16,71
415,모퉁이,279,1098,0,0,N,0.0,243,10,99
416,데드캠핑 더라이브,8,1000,3,1,N,0.0,246,8,107
417,그대라는기억 연숙씨,175,990,2,0,N,0.0,249,16,108
418,투란도트 어둠의 왕국,14,980,0,0,N,0.0,272,5,113
419,작은새와 돼지씨,179,917,2,0,N,0.0,251,16,91
420,아부쟁이,139,896,1,1,N,0.0,248,4,109
421,보통의 용기,144,809,2,1,N,0.06666666666666667,256,16,124
422,"허황옥 3일, 잃어버린 2천 년의 기억",3,783,2,0,N,0.0,255,16,99
423,인플루엔자,209,760,1,0,N,0.0,257,10,111
424,태어나길 잘했어,170,756,0,0,N,0.0,258,10,90
425,사잇소리,105,670,1,0,N,0.0,286,8,118
426,부적: 남의 운을 빼앗는 자,181,662,0,0,N,0.0,262,4,72
427,영희,246,612,1,0,N,0.0,263,7,126
428,평평남녀,191,607,0,0,N,0.0,100,10,100
429,"괴물, 유령, 자유인",279,551,1,0,N,0.0,270,11,106
430,액션동자,196,546,2,0,N,0.0,271,4,124
431,인연을 긋다,139,533,0,1,N,0.0,273,10,109
432,늑대들,127,510,3,0,N,0.0,276,4,116
433,당신의 이웃은 친절하지 않다,54,459,1,0,N,0.0,281,3,126
434,갓길로 달리는 코뿔소,142,445,1,0,N,0.0,115,10,120
435,보드랍게,0,192,2,0,N,0.0,299,16,127
436,명색이 아프레걸,186,190,2,1,N,0.0,300,15,128
437,스파이형 모델,234,178,1,0,N,0.0,301,11,126
438,헝거,225,163,0,0,N,0.0,302,11,129
439,해적: 도깨비 깃발,76,106,0,1,N,0.1111111111111111,305,18,8
440,하로동선,14,102,1,0,N,0.0,272,10,113
441,고양이들의 아파트,221,97,2,0,N,0.0,308,16,132
442,스텔라,18,68,1,1,N,0.0,312,7,20
443,극장판 안녕 자두야: 제주도의 비밀,210,42,2,1,N,0.0,313,14,6
444,당신얼굴 앞에서,97,18,1,0,N,0.0,207,10,94
445,엄마와 나,182,6,2,0,N,0.0,315,16,124
446,곡녀,168,2,0,0,N,0.0,316,10,109
447,일진 2,150,2,3,1,N,0.0,294,4,124
448,일진 3,115,2,3,1,N,0.0,294,4,124
449,대가리,150,1,3,1,N,0.0,294,4,135
450,대가리2-학교무림,150,1,1,1,N,0.0,294,4,135
451,대가리3-일진후배들,150,1,1,1,N,0.0,294,4,135
